<?xml version="1.0" encoding="UTF-8"?>

<pages>
  <reportPage id="W_002" name="进出存月报表" title="W_002" classification="库存报表.日常统计" type="REPORT" grammarType="" style="sql" reportFile="dailyImportExportMonthReport.raq" parameter="companyId,warehouseId=#{SESSION_WAREHOUSE},queryDate" favorite="false">
    <inputUIs>
      <remote id="companyId" name="货主" title="companyId" row="1" col="2" inVisible="false" required="true" grammarType="HQL" type="String" statement="SELECT company.id,company.code,company.name FROM   WmsOrganization   company WHERE   company.beCompany  = true AND company.status = 'ENABLED' AND (company.code  LIKE :param OR  company.name LIKE :param)" defaultValue="" manualEditable="true" displayColumn="3" percentSignPosition="both" displayedTableHead="序号,代码,名称">
        <hql><![CDATA[SELECT company.id,company.code,company.name FROM   WmsOrganization   company WHERE   company.beCompany  = true AND company.status = 'ENABLED' AND (company.code  LIKE :param OR  company.name LIKE :param)]]></hql>
      </remote>
      <text id="warehouseId" name="仓库" title="warehouseId" row="1" col="1" inVisible="true" required="false" grammarType="HQL" type="String" statement="" defaultValue="#{SESSION_WAREHOUSE}" trimSpace="true" isPrecision="false"/>
      <text id="queryDate" name="年月(yyyyMM)" title="queryDate" row="1" col="3" inVisible="false" required="true" grammarType="HQL" type="String" statement="" defaultValue="" trimSpace="true" isPrecision="false"/>
    </inputUIs>
  </reportPage>
</pages>
