<?xml version="1.0" encoding="UTF-8"?>

<pages>
  <reportPage id="W_003" name="库龄报表" title="W_003" classification="库存报表.日常统计" type="REPORT" grammarType="" style="sql" reportFile="inventoryAge.raq" parameter="itemId,companyId,warehouseId=#{SESSION_WAREHOUSE}" favorite="false">
    <inputUIs>
      <remote id="itemId" name="货品" title="itemId" row="1" col="3" inVisible="false" required="false" grammarType="HQL" type="int" statement="SELECT item.id,item.code,item.name FROM WmsItem item WHERE 1=1 AND (item.code LIKE :param OR item.name LIKE :param) ORDER BY item.code" defaultValue="" manualEditable="true" displayColumn="3" percentSignPosition="both" displayedTableHead="序号,编码,名称">
        <hql><![CDATA[SELECT item.id,item.code,item.name FROM WmsItem item WHERE 1=1 AND (item.code LIKE :param OR item.name LIKE :param) ORDER BY item.code]]></hql>
      </remote>
      <remote id="companyId" name="货主" title="companyId" row="1" col="2" inVisible="false" required="true" grammarType="HQL" type="int" statement="SELECT cp.id,cp.code,cp.name FROM WmsOrganization cp WHERE 1=1 AND (cp.code LIKE :param OR cp.name LIKE :param) ORDER BY cp.code" defaultValue="" manualEditable="true" displayColumn="3" percentSignPosition="both" displayedTableHead="序号,编码,名称">
        <hql><![CDATA[SELECT cp.id,cp.code,cp.name FROM WmsOrganization cp WHERE 1=1 AND (cp.code LIKE :param OR cp.name LIKE :param) ORDER BY cp.code]]></hql>
      </remote>
      <text id="warehouseId" name="仓库ID" title="warehouseId" row="1" col="1" inVisible="true" required="false" grammarType="HQL" type="int" statement="" defaultValue="#{SESSION_WAREHOUSE}" trimSpace="true" isPrecision="false"/>
    </inputUIs>
  </reportPage>
</pages>
