<?xml version="1.0" encoding="UTF-8"?>

<pages>
  <reportPage id="W_004" name="库龄预警报表" title="W_004" classification="库存报表.预警分析" type="REPORT" grammarType="" style="sql" reportFile="warnInventoryAge.raq" parameter="warehouseid=#{SESSION_WAREHOUSE},warnday,companyid" favorite="false">
    <inputUIs>
      <text id="warehouseid" name="仓库ID" title="warehouseid" row="1" col="1" inVisible="true" required="false" grammarType="HQL" type="String" statement="" defaultValue="#{SESSION_WAREHOUSE}" trimSpace="true" isPrecision="false"/>
      <text id="warnday" name="预警库龄" title="warnday" row="1" col="3" inVisible="false" required="true" grammarType="HQL" type="String" statement="" defaultValue="" trimSpace="true" isPrecision="false"/>
      <remote id="companyid" name="货主" title="companyid" row="1" col="2" inVisible="false" required="false" grammarType="HQL" type="long" statement="SELECT company.id,company.code,company.name 
FROM WmsOrganization company 
WHERE company.beCompany  = true AND company.status = 'ENABLED' 
AND (company.code  LIKE :param OR  company.name LIKE :param) 
ORDER BY company.code
" defaultValue="" manualEditable="true" displayColumn="3" percentSignPosition="both" displayedTableHead="序号,代码,名称">
        <hql><![CDATA[SELECT company.id,company.code,company.name 
FROM WmsOrganization company 
WHERE company.beCompany  = true AND company.status = 'ENABLED' 
AND (company.code  LIKE :param OR  company.name LIKE :param) 
ORDER BY company.code
]]></hql>
      </remote>
    </inputUIs>
  </reportPage>
</pages>
