<?xml version="1.0" encoding="UTF-8"?>

<group>
  <property id="name" value="主规则"/>
  <property id="sortDesc" value="1"/>
  <property id="imageDesc" value="rule_main"/>
  <property id="description" value=""/>
  <ruleTables>
    <ruleTable>
      <property id="name" value="业务规则定义"/>
      <property id="sortDesc" value="2"/>
      <property id="multiple" value="false"/>
      <property id="gradeItem" value="false"/>
      <property id="imageDesc"/>
      <property id="description" value=""/>
      <ruleTableItems>
        <ruleTableItem>
          <property id="reference" value="行业模板"/>
          <property id="type" value="4_VALUE"/>
          <property id="lineNO" value="1"/>
          <property id="gradeItem" value="false"/>
          <property id="referenceProperty" value="value1"/>
          <property id="referenceType" value="string"/>
          <property id="values" value=""/>
        </ruleTableItem>
        <ruleTableItem>
          <property id="reference" value="组织"/>
          <property id="type" value="2_REFERENCE"/>
          <property id="lineNO" value="1"/>
          <property id="gradeItem" value="false"/>
          <property id="referenceProperty" value="reference1"/>
          <property id="referenceType" value="string"/>
          <property id="values" value=""/>
        </ruleTableItem>
        <ruleTableItem>
          <property id="reference" value="SESSION_WAREHOUSE_NAME"/>
          <property id="type" value="1_BIND"/>
          <property id="lineNO" value="1"/>
          <property id="gradeItem" value="false"/>
          <property id="referenceProperty" value="bind1"/>
          <property id="referenceType" value="boolean"/>
          <property id="values" value=""/>
        </ruleTableItem>
      </ruleTableItems>
      <versions>
        <version>
          <property id="name" value="默认"/>
          <property id="bind1" value="发动机仓库"/>
          <property id="bind2" value="NULL"/>
          <property id="bind3" value="NULL"/>
          <property id="bind4" value="NULL"/>
          <property id="bind5" value="NULL"/>
          <property id="startDate" value="2011-01-01"/>
          <property id="endDate" value="2050-12-31"/>
          <property id="description" value=""/>
        </version>
      </versions>
    </ruleTable>
    <ruleTable>
      <property id="name" value="行业模板库"/>
      <property id="sortDesc" value="1"/>
      <property id="multiple" value="false"/>
      <property id="gradeItem" value="false"/>
      <property id="imageDesc"/>
      <property id="description" value=""/>
      <ruleTableItems>
        <ruleTableItem>
          <property id="reference" value="规则项"/>
          <property id="type" value="2_REFERENCE"/>
          <property id="lineNO" value="2"/>
          <property id="gradeItem" value="false"/>
          <property id="referenceProperty" value="reference2"/>
          <property id="referenceType" value="string"/>
          <property id="values" value=""/>
        </ruleTableItem>
        <ruleTableItem>
          <property id="reference" value="行业模板"/>
          <property id="type" value="2_REFERENCE"/>
          <property id="lineNO" value="1"/>
          <property id="gradeItem" value="false"/>
          <property id="referenceProperty" value="reference1"/>
          <property id="referenceType" value="string"/>
          <property id="values" value=""/>
        </ruleTableItem>
        <ruleTableItem>
          <property id="reference" value="主规则"/>
          <property id="type" value="4_VALUE"/>
          <property id="lineNO" value="1"/>
          <property id="gradeItem" value="false"/>
          <property id="referenceProperty" value="value1"/>
          <property id="referenceType" value="string"/>
          <property id="values" value=""/>
        </ruleTableItem>
      </ruleTableItems>
      <versions>
        <version>
          <property id="name" value="默认"/>
          <property id="bind1" value="NULL"/>
          <property id="bind2" value="NULL"/>
          <property id="bind3" value="NULL"/>
          <property id="bind4" value="NULL"/>
          <property id="bind5" value="NULL"/>
          <property id="startDate" value="2011-01-01"/>
          <property id="endDate" value="2050-12-31"/>
          <property id="description" value=""/>
        </version>
      </versions>
    </ruleTable>
  </ruleTables>
</group>
