<?xml version="1.0" encoding="UTF-8"?>

<group>
  <property id="name" value="标准仓库作业模型"/>
  <property id="sortDesc" value="2"/>
  <property id="imageDesc" value="rule_r101"/>
  <property id="description" value=""/>
  <ruleTables>
    <ruleTable>
      <property id="name" value="R101_盘点_复盘表"/>
      <property id="sortDesc" value="10"/>
      <property id="multiple" value="false"/>
      <property id="gradeItem" value="false"/>
      <property id="imageDesc"/>
      <property id="description" value=""/>
      <ruleTableItems>
        <ruleTableItem>
          <property id="reference" value="复盘数量"/>
          <property id="type" value="4_VALUE"/>
          <property id="lineNO" value="2"/>
          <property id="gradeItem" value="false"/>
          <property id="referenceProperty" value="value2"/>
          <property id="referenceType" value="integer"/>
          <property id="values" value=""/>
        </ruleTableItem>
        <ruleTableItem>
          <property id="reference" value="货主"/>
          <property id="type" value="2_REFERENCE"/>
          <property id="lineNO" value="1"/>
          <property id="gradeItem" value="false"/>
          <property id="referenceProperty" value="reference1"/>
          <property id="referenceType" value="string"/>
          <property id="values" value=""/>
        </ruleTableItem>
        <ruleTableItem>
          <property id="reference" value="货品名称"/>
          <property id="type" value="4_VALUE"/>
          <property id="lineNO" value="1"/>
          <property id="gradeItem" value="false"/>
          <property id="referenceProperty" value="value1"/>
          <property id="referenceType" value="string"/>
          <property id="values" value=""/>
        </ruleTableItem>
        <ruleTableItem>
          <property id="reference" value="货品"/>
          <property id="type" value="2_REFERENCE"/>
          <property id="lineNO" value="3"/>
          <property id="gradeItem" value="false"/>
          <property id="referenceProperty" value="reference3"/>
          <property id="referenceType" value="string"/>
          <property id="values" value=""/>
        </ruleTableItem>
        <ruleTableItem>
          <property id="reference" value="货品分类"/>
          <property id="type" value="2_REFERENCE"/>
          <property id="lineNO" value="2"/>
          <property id="gradeItem" value="false"/>
          <property id="referenceProperty" value="reference2"/>
          <property id="referenceType" value="string"/>
          <property id="values" value=""/>
        </ruleTableItem>
        <ruleTableItem>
          <property id="reference" value="SESSION_WAREHOUSE_NAME"/>
          <property id="type" value="1_BIND"/>
          <property id="lineNO" value="1"/>
          <property id="gradeItem" value="false"/>
          <property id="referenceProperty" value="bind1"/>
          <property id="referenceType" value="boolean"/>
          <property id="values" value=""/>
        </ruleTableItem>
      </ruleTableItems>
      <versions>
        <version>
          <property id="name" value="默认"/>
          <property id="bind1" value="发动机仓库"/>
          <property id="bind2" value="NULL"/>
          <property id="bind3" value="NULL"/>
          <property id="bind4" value="NULL"/>
          <property id="bind5" value="NULL"/>
          <property id="startDate" value="2012-01-01"/>
          <property id="endDate" value="2052-01-01"/>
          <property id="description" value=""/>
        </version>
      </versions>
    </ruleTable>
    <ruleTable>
      <property id="name" value="R101_基础数据_库位定位分类特性表"/>
      <property id="sortDesc" value="3"/>
      <property id="multiple" value="true"/>
      <property id="gradeItem" value="false"/>
      <property id="imageDesc"/>
      <property id="description" value=""/>
      <ruleTableItems>
        <ruleTableItem>
          <property id="reference" value="包装级别"/>
          <property id="type" value="4_VALUE"/>
          <property id="lineNO" value="2"/>
          <property id="gradeItem" value="false"/>
          <property id="referenceProperty" value="value2"/>
          <property id="referenceType" value="list"/>
          <property id="values" value="件,箱,大箱"/>
        </ruleTableItem>
        <ruleTableItem>
          <property id="reference" value="行号"/>
          <property id="type" value="3_MULTIPLE"/>
          <property id="lineNO" value="1"/>
          <property id="gradeItem" value="false"/>
          <property id="referenceProperty" value="sequence"/>
          <property id="referenceType" value="string"/>
          <property id="values"/>
        </ruleTableItem>
        <ruleTableItem>
          <property id="reference" value="是否支持补货"/>
          <property id="type" value="4_VALUE"/>
          <property id="lineNO" value="3"/>
          <property id="gradeItem" value="false"/>
          <property id="referenceProperty" value="value3"/>
          <property id="referenceType" value="list"/>
          <property id="values" value="是,否"/>
        </ruleTableItem>
        <ruleTableItem>
          <property id="reference" value="SESSION_WAREHOUSE_NAME"/>
          <property id="type" value="1_BIND"/>
          <property id="lineNO" value="1"/>
          <property id="gradeItem" value="false"/>
          <property id="referenceProperty" value="bind1"/>
          <property id="referenceType" value="boolean"/>
          <property id="values" value=""/>
        </ruleTableItem>
        <ruleTableItem>
          <property id="reference" value="库位定位分类"/>
          <property id="type" value="4_VALUE"/>
          <property id="lineNO" value="1"/>
          <property id="gradeItem" value="false"/>
          <property id="referenceProperty" value="value1"/>
          <property id="referenceType" value="string"/>
          <property id="values" value=""/>
        </ruleTableItem>
      </ruleTableItems>
      <versions>
        <version>
          <property id="name" value="默认"/>
          <property id="bind1" value="发动机仓库"/>
          <property id="bind2" value="NULL"/>
          <property id="bind3" value="NULL"/>
          <property id="bind4" value="NULL"/>
          <property id="bind5" value="NULL"/>
          <property id="startDate" value="2012-01-01"/>
          <property id="endDate" value="2052-01-01"/>
          <property id="description" value=""/>
        </version>
      </versions>
    </ruleTable>
    <ruleTable>
      <property id="name" value="R101_波次_波次类型表"/>
      <property id="sortDesc" value="7"/>
      <property id="multiple" value="true"/>
      <property id="gradeItem" value="false"/>
      <property id="imageDesc"/>
      <property id="description" value=""/>
      <ruleTableItems>
        <ruleTableItem>
          <property id="reference" value="波次类型"/>
          <property id="type" value="4_VALUE"/>
          <property id="lineNO" value="1"/>
          <property id="gradeItem" value="false"/>
          <property id="referenceProperty" value="value1"/>
          <property id="referenceType" value="string"/>
          <property id="values" value=""/>
        </ruleTableItem>
        <ruleTableItem>
          <property id="reference" value="是否批拣"/>
          <property id="type" value="4_VALUE"/>
          <property id="lineNO" value="2"/>
          <property id="gradeItem" value="false"/>
          <property id="referenceProperty" value="value2"/>
          <property id="referenceType" value="list"/>
          <property id="values" value="是,否"/>
        </ruleTableItem>
        <ruleTableItem>
          <property id="reference" value="SESSION_WAREHOUSE_NAME"/>
          <property id="type" value="1_BIND"/>
          <property id="lineNO" value="1"/>
          <property id="gradeItem" value="false"/>
          <property id="referenceProperty" value="bind1"/>
          <property id="referenceType" value="boolean"/>
          <property id="values" value=""/>
        </ruleTableItem>
        <ruleTableItem>
          <property id="reference" value="行号"/>
          <property id="type" value="3_MULTIPLE"/>
          <property id="lineNO" value="1"/>
          <property id="gradeItem" value="false"/>
          <property id="referenceProperty" value="sequence"/>
          <property id="referenceType" value="string"/>
          <property id="values"/>
        </ruleTableItem>
      </ruleTableItems>
      <versions>
        <version>
          <property id="name" value="默认"/>
          <property id="bind1" value="发动机仓库"/>
          <property id="bind2" value="NULL"/>
          <property id="bind3" value="NULL"/>
          <property id="bind4" value="NULL"/>
          <property id="bind5" value="NULL"/>
          <property id="startDate" value="2012-01-01"/>
          <property id="endDate" value="2052-01-01"/>
          <property id="description" value=""/>
        </version>
      </versions>
    </ruleTable>
    <ruleTable>
      <property id="name" value="R101_拣选_先进先出规则表"/>
      <property id="sortDesc" value="6"/>
      <property id="multiple" value="false"/>
      <property id="gradeItem" value="false"/>
      <property id="imageDesc"/>
      <property id="description" value=""/>
      <ruleTableItems>
        <ruleTableItem>
          <property id="reference" value="收货人"/>
          <property id="type" value="2_REFERENCE"/>
          <property id="lineNO" value="2"/>
          <property id="gradeItem" value="false"/>
          <property id="referenceProperty" value="reference2"/>
          <property id="referenceType" value="string"/>
          <property id="values" value=""/>
        </ruleTableItem>
        <ruleTableItem>
          <property id="reference" value="SESSION_WAREHOUSE_NAME"/>
          <property id="type" value="1_BIND"/>
          <property id="lineNO" value="1"/>
          <property id="gradeItem" value="false"/>
          <property id="referenceProperty" value="bind1"/>
          <property id="referenceType" value="boolean"/>
          <property id="values" value=""/>
        </ruleTableItem>
        <ruleTableItem>
          <property id="reference" value="货主"/>
          <property id="type" value="2_REFERENCE"/>
          <property id="lineNO" value="1"/>
          <property id="gradeItem" value="false"/>
          <property id="referenceProperty" value="reference1"/>
          <property id="referenceType" value="string"/>
          <property id="values" value=""/>
        </ruleTableItem>
        <ruleTableItem>
          <property id="reference" value="拣货顺序"/>
          <property id="type" value="4_VALUE"/>
          <property id="lineNO" value="1"/>
          <property id="gradeItem" value="false"/>
          <property id="referenceProperty" value="value1"/>
          <property id="referenceType" value="string"/>
          <property id="values" value=""/>
        </ruleTableItem>
      </ruleTableItems>
      <versions>
        <version>
          <property id="name" value="默认"/>
          <property id="bind1" value="发动机仓库"/>
          <property id="bind2" value="NULL"/>
          <property id="bind3" value="NULL"/>
          <property id="bind4" value="NULL"/>
          <property id="bind5" value="NULL"/>
          <property id="startDate" value="2011-01-01"/>
          <property id="endDate" value="2050-12-31"/>
          <property id="description" value=""/>
        </version>
      </versions>
    </ruleTable>
    <ruleTable>
      <property id="name" value="R101_上架_上架规则表"/>
      <property id="sortDesc" value="5"/>
      <property id="multiple" value="false"/>
      <property id="gradeItem" value="false"/>
      <property id="imageDesc"/>
      <property id="description" value=""/>
      <ruleTableItems>
        <ruleTableItem>
          <property id="reference" value="供应商编码"/>
          <property id="type" value="2_REFERENCE"/>
          <property id="lineNO" value="1"/>
          <property id="gradeItem" value="false"/>
          <property id="referenceProperty" value="reference1"/>
          <property id="referenceType" value="string"/>
          <property id="values" value=""/>
        </ruleTableItem>
        <ruleTableItem>
          <property id="reference" value="供应商简称"/>
          <property id="type" value="4_VALUE"/>
          <property id="lineNO" value="2"/>
          <property id="gradeItem" value="false"/>
          <property id="referenceProperty" value="value2"/>
          <property id="referenceType" value="string"/>
          <property id="values" value=""/>
        </ruleTableItem>
        <ruleTableItem>
          <property id="reference" value="是否托盘"/>
          <property id="type" value="2_REFERENCE"/>
          <property id="lineNO" value="3"/>
          <property id="gradeItem" value="false"/>
          <property id="referenceProperty" value="reference3"/>
          <property id="referenceType" value="string"/>
          <property id="values" value=""/>
        </ruleTableItem>
        <ruleTableItem>
          <property id="reference" value="SESSION_WAREHOUSE_NAME"/>
          <property id="type" value="1_BIND"/>
          <property id="lineNO" value="1"/>
          <property id="gradeItem" value="false"/>
          <property id="referenceProperty" value="bind1"/>
          <property id="referenceType" value="boolean"/>
          <property id="values" value=""/>
        </ruleTableItem>
        <ruleTableItem>
          <property id="reference" value="单据类型编码"/>
          <property id="type" value="2_REFERENCE"/>
          <property id="lineNO" value="2"/>
          <property id="gradeItem" value="false"/>
          <property id="referenceProperty" value="reference2"/>
          <property id="referenceType" value="string"/>
          <property id="values" value=""/>
        </ruleTableItem>
        <ruleTableItem>
          <property id="reference" value="库位定位分类"/>
          <property id="type" value="4_VALUE"/>
          <property id="lineNO" value="1"/>
          <property id="gradeItem" value="false"/>
          <property id="referenceProperty" value="value1"/>
          <property id="referenceType" value="string"/>
          <property id="values" value=""/>
        </ruleTableItem>
        <ruleTableItem>
          <property id="reference" value="单据类型名称"/>
          <property id="type" value="4_VALUE"/>
          <property id="lineNO" value="3"/>
          <property id="gradeItem" value="false"/>
          <property id="referenceProperty" value="value3"/>
          <property id="referenceType" value="string"/>
          <property id="values" value=""/>
        </ruleTableItem>
      </ruleTableItems>
      <versions>
        <version>
          <property id="name" value="默认"/>
          <property id="bind1" value="发动机仓库"/>
          <property id="bind2" value="NULL"/>
          <property id="bind3" value="NULL"/>
          <property id="bind4" value="NULL"/>
          <property id="bind5" value="NULL"/>
          <property id="startDate" value="2012-01-01"/>
          <property id="endDate" value="2052-01-01"/>
          <property id="description" value=""/>
        </version>
      </versions>
    </ruleTable>
    <ruleTable>
      <property id="name" value="R101_库位混放类型规则表"/>
      <property id="sortDesc" value="5"/>
      <property id="multiple" value="false"/>
      <property id="gradeItem" value="false"/>
      <property id="imageDesc"/>
      <property id="description" value=""/>
      <ruleTableItems>
        <ruleTableItem>
          <property id="reference" value="混放类型"/>
          <property id="type" value="2_REFERENCE"/>
          <property id="lineNO" value="1"/>
          <property id="gradeItem" value="false"/>
          <property id="referenceProperty" value="reference1"/>
          <property id="referenceType" value="string"/>
          <property id="values" value=""/>
        </ruleTableItem>
        <ruleTableItem>
          <property id="reference" value="货品混放"/>
          <property id="type" value="4_VALUE"/>
          <property id="lineNO" value="1"/>
          <property id="gradeItem" value="false"/>
          <property id="referenceProperty" value="value1"/>
          <property id="referenceType" value="list"/>
          <property id="values" value="是,否"/>
        </ruleTableItem>
        <ruleTableItem>
          <property id="reference" value="存货日期混放"/>
          <property id="type" value="4_VALUE"/>
          <property id="lineNO" value="2"/>
          <property id="gradeItem" value="false"/>
          <property id="referenceProperty" value="value2"/>
          <property id="referenceType" value="list"/>
          <property id="values" value="是,否"/>
        </ruleTableItem>
        <ruleTableItem>
          <property id="reference" value="SESSION_WAREHOUSE_NAME"/>
          <property id="type" value="1_BIND"/>
          <property id="lineNO" value="1"/>
          <property id="gradeItem" value="false"/>
          <property id="referenceProperty" value="bind1"/>
          <property id="referenceType" value="boolean"/>
          <property id="values" value=""/>
        </ruleTableItem>
        <ruleTableItem>
          <property id="reference" value="SOI混放"/>
          <property id="type" value="4_VALUE"/>
          <property id="lineNO" value="3"/>
          <property id="gradeItem" value="false"/>
          <property id="referenceProperty" value="value3"/>
          <property id="referenceType" value="list"/>
          <property id="values" value="是,否"/>
        </ruleTableItem>
        <ruleTableItem>
          <property id="reference" value="供应商混放"/>
          <property id="type" value="4_VALUE"/>
          <property id="lineNO" value="4"/>
          <property id="gradeItem" value="false"/>
          <property id="referenceProperty" value="value4"/>
          <property id="referenceType" value="list"/>
          <property id="values" value="是,否"/>
        </ruleTableItem>
      </ruleTableItems>
      <versions>
        <version>
          <property id="name" value="默认"/>
          <property id="bind1" value="发动机仓库"/>
          <property id="bind2" value="NULL"/>
          <property id="bind3" value="NULL"/>
          <property id="bind4" value="NULL"/>
          <property id="bind5" value="NULL"/>
          <property id="startDate" value="2012-01-01"/>
          <property id="endDate" value="2052-01-01"/>
          <property id="description" value=""/>
        </version>
      </versions>
    </ruleTable>
    <ruleTable>
      <property id="name" value="R101_基础数据_库位出入锁表"/>
      <property id="sortDesc" value="4"/>
      <property id="multiple" value="true"/>
      <property id="gradeItem" value="false"/>
      <property id="imageDesc"/>
      <property id="description" value=""/>
      <ruleTableItems>
        <ruleTableItem>
          <property id="reference" value="列区间"/>
          <property id="type" value="4_VALUE"/>
          <property id="lineNO" value="4"/>
          <property id="gradeItem" value="false"/>
          <property id="referenceProperty" value="value4"/>
          <property id="referenceType" value="string"/>
          <property id="values" value=""/>
        </ruleTableItem>
        <ruleTableItem>
          <property id="reference" value="库区"/>
          <property id="type" value="4_VALUE"/>
          <property id="lineNO" value="1"/>
          <property id="gradeItem" value="false"/>
          <property id="referenceProperty" value="value1"/>
          <property id="referenceType" value="string"/>
          <property id="values" value=""/>
        </ruleTableItem>
        <ruleTableItem>
          <property id="reference" value="区区间"/>
          <property id="type" value="4_VALUE"/>
          <property id="lineNO" value="2"/>
          <property id="gradeItem" value="false"/>
          <property id="referenceProperty" value="value2"/>
          <property id="referenceType" value="string"/>
          <property id="values" value=""/>
        </ruleTableItem>
        <ruleTableItem>
          <property id="reference" value="锁定方式"/>
          <property id="type" value="2_REFERENCE"/>
          <property id="lineNO" value="1"/>
          <property id="gradeItem" value="false"/>
          <property id="referenceProperty" value="reference1"/>
          <property id="referenceType" value="list"/>
          <property id="values" value="入锁,出锁"/>
        </ruleTableItem>
        <ruleTableItem>
          <property id="reference" value="SESSION_WAREHOUSE_NAME"/>
          <property id="type" value="1_BIND"/>
          <property id="lineNO" value="1"/>
          <property id="gradeItem" value="false"/>
          <property id="referenceProperty" value="bind1"/>
          <property id="referenceType" value="boolean"/>
          <property id="values" value=""/>
        </ruleTableItem>
        <ruleTableItem>
          <property id="reference" value="行号"/>
          <property id="type" value="3_MULTIPLE"/>
          <property id="lineNO" value="1"/>
          <property id="gradeItem" value="false"/>
          <property id="referenceProperty" value="sequence"/>
          <property id="referenceType" value="string"/>
          <property id="values"/>
        </ruleTableItem>
        <ruleTableItem>
          <property id="reference" value="排区间"/>
          <property id="type" value="4_VALUE"/>
          <property id="lineNO" value="3"/>
          <property id="gradeItem" value="false"/>
          <property id="referenceProperty" value="value3"/>
          <property id="referenceType" value="string"/>
          <property id="values" value=""/>
        </ruleTableItem>
        <ruleTableItem>
          <property id="reference" value="层区间"/>
          <property id="type" value="4_VALUE"/>
          <property id="lineNO" value="5"/>
          <property id="gradeItem" value="false"/>
          <property id="referenceProperty" value="value5"/>
          <property id="referenceType" value="string"/>
          <property id="values" value=""/>
        </ruleTableItem>
      </ruleTableItems>
      <versions>
        <version>
          <property id="name" value="默认"/>
          <property id="bind1" value="发动机仓库"/>
          <property id="bind2" value="NULL"/>
          <property id="bind3" value="NULL"/>
          <property id="bind4" value="NULL"/>
          <property id="bind5" value="NULL"/>
          <property id="startDate" value="2011-01-01"/>
          <property id="endDate" value="2050-12-31"/>
          <property id="description" value=""/>
        </version>
      </versions>
    </ruleTable>
    <ruleTable>
      <property id="name" value="R102_备料区域划分表"/>
      <property id="sortDesc" value="1"/>
      <property id="multiple" value="false"/>
      <property id="gradeItem" value="true"/>
      <property id="imageDesc"/>
      <property id="description" value=""/>
      <ruleTableItems>
        <ruleTableItem>
          <property id="reference" value="数量"/>
          <property id="type" value="2_REFERENCE"/>
          <property id="lineNO" value="3"/>
          <property id="gradeItem" value="true"/>
          <property id="referenceProperty" value="reference3"/>
          <property id="referenceType" value="string"/>
          <property id="values" value=""/>
        </ruleTableItem>
        <ruleTableItem>
          <property id="reference" value="单据类型编码"/>
          <property id="type" value="2_REFERENCE"/>
          <property id="lineNO" value="2"/>
          <property id="gradeItem" value="false"/>
          <property id="referenceProperty" value="reference2"/>
          <property id="referenceType" value="string"/>
          <property id="values" value=""/>
        </ruleTableItem>
        <ruleTableItem>
          <property id="reference" value="单据类型名称"/>
          <property id="type" value="4_VALUE"/>
          <property id="lineNO" value="3"/>
          <property id="gradeItem" value="false"/>
          <property id="referenceProperty" value="value3"/>
          <property id="referenceType" value="string"/>
          <property id="values" value=""/>
        </ruleTableItem>
        <ruleTableItem>
          <property id="reference" value="SESSION_WAREHOUSE_NAME"/>
          <property id="type" value="1_BIND"/>
          <property id="lineNO" value="1"/>
          <property id="gradeItem" value="false"/>
          <property id="referenceProperty" value="bind1"/>
          <property id="referenceType" value="string"/>
          <property id="values" value=""/>
        </ruleTableItem>
        <ruleTableItem>
          <property id="reference" value="供应商简称"/>
          <property id="type" value="4_VALUE"/>
          <property id="lineNO" value="2"/>
          <property id="gradeItem" value="false"/>
          <property id="referenceProperty" value="value2"/>
          <property id="referenceType" value="string"/>
          <property id="values" value=""/>
        </ruleTableItem>
        <ruleTableItem>
          <property id="reference" value="库位定位分类"/>
          <property id="type" value="4_VALUE"/>
          <property id="lineNO" value="1"/>
          <property id="gradeItem" value="false"/>
          <property id="referenceProperty" value="value1"/>
          <property id="referenceType" value="string"/>
          <property id="values" value=""/>
        </ruleTableItem>
        <ruleTableItem>
          <property id="reference" value="供应商"/>
          <property id="type" value="2_REFERENCE"/>
          <property id="lineNO" value="1"/>
          <property id="gradeItem" value="false"/>
          <property id="referenceProperty" value="reference1"/>
          <property id="referenceType" value="string"/>
          <property id="values" value=""/>
        </ruleTableItem>
      </ruleTableItems>
      <versions>
        <version>
          <property id="name" value="默认"/>
          <property id="bind1" value="发动机仓库"/>
          <property id="bind2" value="NULL"/>
          <property id="bind3" value="NULL"/>
          <property id="bind4" value="NULL"/>
          <property id="bind5" value="NULL"/>
          <property id="startDate" value="2015-04-28"/>
          <property id="endDate" value="2021-04-30"/>
          <property id="description" value=""/>
        </version>
      </versions>
    </ruleTable>
    <ruleTable>
      <property id="name" value="R101_基础数据_码托规则表"/>
      <property id="sortDesc" value="4"/>
      <property id="multiple" value="false"/>
      <property id="gradeItem" value="false"/>
      <property id="imageDesc"/>
      <property id="description" value=""/>
      <ruleTableItems>
        <ruleTableItem>
          <property id="reference" value="包装级别"/>
          <property id="type" value="2_REFERENCE"/>
          <property id="lineNO" value="3"/>
          <property id="gradeItem" value="false"/>
          <property id="referenceProperty" value="reference3"/>
          <property id="referenceType" value="list"/>
          <property id="values" value="件,箱,大箱"/>
        </ruleTableItem>
        <ruleTableItem>
          <property id="reference" value="单层数量"/>
          <property id="type" value="4_VALUE"/>
          <property id="lineNO" value="1"/>
          <property id="gradeItem" value="false"/>
          <property id="referenceProperty" value="value1"/>
          <property id="referenceType" value="integer"/>
          <property id="values" value=""/>
        </ruleTableItem>
        <ruleTableItem>
          <property id="reference" value="码放层数"/>
          <property id="type" value="4_VALUE"/>
          <property id="lineNO" value="2"/>
          <property id="gradeItem" value="false"/>
          <property id="referenceProperty" value="value2"/>
          <property id="referenceType" value="integer"/>
          <property id="values" value=""/>
        </ruleTableItem>
        <ruleTableItem>
          <property id="reference" value="SESSION_WAREHOUSE_NAME"/>
          <property id="type" value="1_BIND"/>
          <property id="lineNO" value="1"/>
          <property id="gradeItem" value="false"/>
          <property id="referenceProperty" value="bind1"/>
          <property id="referenceType" value="boolean"/>
          <property id="values" value=""/>
        </ruleTableItem>
        <ruleTableItem>
          <property id="reference" value="起码数量"/>
          <property id="type" value="4_VALUE"/>
          <property id="lineNO" value="3"/>
          <property id="gradeItem" value="false"/>
          <property id="referenceProperty" value="value3"/>
          <property id="referenceType" value="integer"/>
          <property id="values" value=""/>
        </ruleTableItem>
        <ruleTableItem>
          <property id="reference" value="货主"/>
          <property id="type" value="2_REFERENCE"/>
          <property id="lineNO" value="1"/>
          <property id="gradeItem" value="false"/>
          <property id="referenceProperty" value="reference1"/>
          <property id="referenceType" value="string"/>
          <property id="values" value=""/>
        </ruleTableItem>
        <ruleTableItem>
          <property id="reference" value="码托分类"/>
          <property id="type" value="2_REFERENCE"/>
          <property id="lineNO" value="2"/>
          <property id="gradeItem" value="false"/>
          <property id="referenceProperty" value="reference2"/>
          <property id="referenceType" value="string"/>
          <property id="values" value=""/>
        </ruleTableItem>
        <ruleTableItem>
          <property id="reference" value="码托描述"/>
          <property id="type" value="4_VALUE"/>
          <property id="lineNO" value="4"/>
          <property id="gradeItem" value="false"/>
          <property id="referenceProperty" value="value4"/>
          <property id="referenceType" value="string"/>
          <property id="values" value=""/>
        </ruleTableItem>
      </ruleTableItems>
      <versions>
        <version>
          <property id="name" value="默认"/>
          <property id="bind1" value="发动机仓库"/>
          <property id="bind2" value="NULL"/>
          <property id="bind3" value="NULL"/>
          <property id="bind4" value="NULL"/>
          <property id="bind5" value="NULL"/>
          <property id="startDate" value="2011-01-01"/>
          <property id="endDate" value="2050-12-31"/>
          <property id="description" value=""/>
        </version>
      </versions>
    </ruleTable>
    <ruleTable>
      <property id="name" value="R101_计费_计件工资费率表"/>
      <property id="sortDesc" value="12"/>
      <property id="multiple" value="false"/>
      <property id="gradeItem" value="false"/>
      <property id="imageDesc"/>
      <property id="description" value=""/>
      <ruleTableItems>
        <ruleTableItem>
          <property id="reference" value="计费依据"/>
          <property id="type" value="4_VALUE"/>
          <property id="lineNO" value="1"/>
          <property id="gradeItem" value="false"/>
          <property id="referenceProperty" value="value1"/>
          <property id="referenceType" value="list"/>
          <property id="values" value="件,重,体"/>
        </ruleTableItem>
        <ruleTableItem>
          <property id="reference" value="SESSION_WAREHOUSE_NAME"/>
          <property id="type" value="1_BIND"/>
          <property id="lineNO" value="1"/>
          <property id="gradeItem" value="false"/>
          <property id="referenceProperty" value="bind1"/>
          <property id="referenceType" value="boolean"/>
          <property id="values" value=""/>
        </ruleTableItem>
        <ruleTableItem>
          <property id="reference" value="货品分类"/>
          <property id="type" value="2_REFERENCE"/>
          <property id="lineNO" value="2"/>
          <property id="gradeItem" value="false"/>
          <property id="referenceProperty" value="reference2"/>
          <property id="referenceType" value="string"/>
          <property id="values" value=""/>
        </ruleTableItem>
        <ruleTableItem>
          <property id="reference" value="货主"/>
          <property id="type" value="2_REFERENCE"/>
          <property id="lineNO" value="1"/>
          <property id="gradeItem" value="false"/>
          <property id="referenceProperty" value="reference1"/>
          <property id="referenceType" value="string"/>
          <property id="values" value=""/>
        </ruleTableItem>
        <ruleTableItem>
          <property id="reference" value="费用类型"/>
          <property id="type" value="2_REFERENCE"/>
          <property id="lineNO" value="3"/>
          <property id="gradeItem" value="false"/>
          <property id="referenceProperty" value="reference3"/>
          <property id="referenceType" value="string"/>
          <property id="values" value=""/>
        </ruleTableItem>
        <ruleTableItem>
          <property id="reference" value="费率"/>
          <property id="type" value="4_VALUE"/>
          <property id="lineNO" value="2"/>
          <property id="gradeItem" value="false"/>
          <property id="referenceProperty" value="value2"/>
          <property id="referenceType" value="double"/>
          <property id="values" value=""/>
        </ruleTableItem>
      </ruleTableItems>
      <versions>
        <version>
          <property id="name" value="默认"/>
          <property id="bind1" value="发动机仓库"/>
          <property id="bind2" value="NULL"/>
          <property id="bind3" value="NULL"/>
          <property id="bind4" value="NULL"/>
          <property id="bind5" value="NULL"/>
          <property id="startDate" value="2012-01-01"/>
          <property id="endDate" value="2052-01-01"/>
          <property id="description" value=""/>
        </version>
      </versions>
    </ruleTable>
    <ruleTable>
      <property id="name" value="R101_基础数据_发货月台规则表"/>
      <property id="sortDesc" value="14"/>
      <property id="multiple" value="false"/>
      <property id="gradeItem" value="false"/>
      <property id="imageDesc"/>
      <property id="description" value=""/>
      <ruleTableItems>
        <ruleTableItem>
          <property id="reference" value="SESSION_WAREHOUSE_NAME"/>
          <property id="type" value="1_BIND"/>
          <property id="lineNO" value="1"/>
          <property id="gradeItem" value="false"/>
          <property id="referenceProperty" value="bind1"/>
          <property id="referenceType" value="boolean"/>
          <property id="values" value=""/>
        </ruleTableItem>
        <ruleTableItem>
          <property id="reference" value="发货月台"/>
          <property id="type" value="4_VALUE"/>
          <property id="lineNO" value="1"/>
          <property id="gradeItem" value="false"/>
          <property id="referenceProperty" value="value1"/>
          <property id="referenceType" value="string"/>
          <property id="values" value=""/>
        </ruleTableItem>
        <ruleTableItem>
          <property id="reference" value="承运商"/>
          <property id="type" value="2_REFERENCE"/>
          <property id="lineNO" value="1"/>
          <property id="gradeItem" value="false"/>
          <property id="referenceProperty" value="reference1"/>
          <property id="referenceType" value="string"/>
          <property id="values" value=""/>
        </ruleTableItem>
      </ruleTableItems>
      <versions>
        <version>
          <property id="name" value="默认"/>
          <property id="bind1" value="发动机仓库"/>
          <property id="bind2" value="NULL"/>
          <property id="bind3" value="NULL"/>
          <property id="bind4" value="NULL"/>
          <property id="bind5" value="NULL"/>
          <property id="startDate" value="2012-01-01"/>
          <property id="endDate" value="2052-01-01"/>
          <property id="description" value=""/>
        </version>
      </versions>
    </ruleTable>
    <ruleTable>
      <property id="name" value="R101_备货库位定位表"/>
      <property id="sortDesc" value="1"/>
      <property id="multiple" value="false"/>
      <property id="gradeItem" value="false"/>
      <property id="imageDesc"/>
      <property id="description" value=""/>
      <ruleTableItems>
        <ruleTableItem>
          <property id="reference" value="货品代码"/>
          <property id="type" value="2_REFERENCE"/>
          <property id="lineNO" value="2"/>
          <property id="gradeItem" value="false"/>
          <property id="referenceProperty" value="reference2"/>
          <property id="referenceType" value="string"/>
          <property id="values" value=""/>
        </ruleTableItem>
        <ruleTableItem>
          <property id="reference" value="SESSION_WAREHOUSE_NAME"/>
          <property id="type" value="1_BIND"/>
          <property id="lineNO" value="1"/>
          <property id="gradeItem" value="false"/>
          <property id="referenceProperty" value="bind1"/>
          <property id="referenceType" value="string"/>
          <property id="values" value=""/>
        </ruleTableItem>
        <ruleTableItem>
          <property id="reference" value="数量"/>
          <property id="type" value="4_VALUE"/>
          <property id="lineNO" value="2"/>
          <property id="gradeItem" value="false"/>
          <property id="referenceProperty" value="value2"/>
          <property id="referenceType" value="double"/>
          <property id="values" value=""/>
        </ruleTableItem>
        <ruleTableItem>
          <property id="reference" value="供应商"/>
          <property id="type" value="2_REFERENCE"/>
          <property id="lineNO" value="1"/>
          <property id="gradeItem" value="false"/>
          <property id="referenceProperty" value="reference1"/>
          <property id="referenceType" value="string"/>
          <property id="values" value=""/>
        </ruleTableItem>
        <ruleTableItem>
          <property id="reference" value="库位"/>
          <property id="type" value="4_VALUE"/>
          <property id="lineNO" value="1"/>
          <property id="gradeItem" value="false"/>
          <property id="referenceProperty" value="value1"/>
          <property id="referenceType" value="string"/>
          <property id="values" value=""/>
        </ruleTableItem>
      </ruleTableItems>
      <versions>
        <version>
          <property id="name" value="默认"/>
          <property id="bind1" value="发动机仓库"/>
          <property id="bind2" value="NULL"/>
          <property id="bind3" value="NULL"/>
          <property id="bind4" value="NULL"/>
          <property id="bind5" value="NULL"/>
          <property id="startDate" value="2015-04-27"/>
          <property id="endDate" value="2023-04-30"/>
          <property id="description" value=""/>
        </version>
      </versions>
    </ruleTable>
    <ruleTable>
      <property id="name" value="R101_补货_库位分类安全库存表"/>
      <property id="sortDesc" value="15"/>
      <property id="multiple" value="true"/>
      <property id="gradeItem" value="false"/>
      <property id="imageDesc"/>
      <property id="description" value=""/>
      <ruleTableItems>
        <ruleTableItem>
          <property id="reference" value="补货区"/>
          <property id="type" value="2_REFERENCE"/>
          <property id="lineNO" value="1"/>
          <property id="gradeItem" value="false"/>
          <property id="referenceProperty" value="reference1"/>
          <property id="referenceType" value="string"/>
          <property id="values" value=""/>
        </ruleTableItem>
        <ruleTableItem>
          <property id="reference" value="货品名称"/>
          <property id="type" value="4_VALUE"/>
          <property id="lineNO" value="2"/>
          <property id="gradeItem" value="false"/>
          <property id="referenceProperty" value="value2"/>
          <property id="referenceType" value="string"/>
          <property id="values" value=""/>
        </ruleTableItem>
        <ruleTableItem>
          <property id="reference" value="补货上限"/>
          <property id="type" value="4_VALUE"/>
          <property id="lineNO" value="4"/>
          <property id="gradeItem" value="false"/>
          <property id="referenceProperty" value="value4"/>
          <property id="referenceType" value="integer"/>
          <property id="values" value=""/>
        </ruleTableItem>
        <ruleTableItem>
          <property id="reference" value="拣货区"/>
          <property id="type" value="4_VALUE"/>
          <property id="lineNO" value="6"/>
          <property id="gradeItem" value="false"/>
          <property id="referenceProperty" value="value6"/>
          <property id="referenceType" value="string"/>
          <property id="values" value=""/>
        </ruleTableItem>
        <ruleTableItem>
          <property id="reference" value="补货下限"/>
          <property id="type" value="4_VALUE"/>
          <property id="lineNO" value="3"/>
          <property id="gradeItem" value="false"/>
          <property id="referenceProperty" value="value3"/>
          <property id="referenceType" value="integer"/>
          <property id="values" value=""/>
        </ruleTableItem>
        <ruleTableItem>
          <property id="reference" value="单次补货量"/>
          <property id="type" value="4_VALUE"/>
          <property id="lineNO" value="5"/>
          <property id="gradeItem" value="false"/>
          <property id="referenceProperty" value="value5"/>
          <property id="referenceType" value="list"/>
          <property id="values" value="件,箱,大箱,托"/>
        </ruleTableItem>
        <ruleTableItem>
          <property id="reference" value="上架支持补货"/>
          <property id="type" value="4_VALUE"/>
          <property id="lineNO" value="7"/>
          <property id="gradeItem" value="false"/>
          <property id="referenceProperty" value="value7"/>
          <property id="referenceType" value="list"/>
          <property id="values" value="是,否"/>
        </ruleTableItem>
        <ruleTableItem>
          <property id="reference" value="SESSION_WAREHOUSE_NAME"/>
          <property id="type" value="1_BIND"/>
          <property id="lineNO" value="1"/>
          <property id="gradeItem" value="false"/>
          <property id="referenceProperty" value="bind1"/>
          <property id="referenceType" value="boolean"/>
          <property id="values" value=""/>
        </ruleTableItem>
        <ruleTableItem>
          <property id="reference" value="行号"/>
          <property id="type" value="3_MULTIPLE"/>
          <property id="lineNO" value="1"/>
          <property id="gradeItem" value="false"/>
          <property id="referenceProperty" value="sequence"/>
          <property id="referenceType" value="string"/>
          <property id="values"/>
        </ruleTableItem>
        <ruleTableItem>
          <property id="reference" value="货品代码"/>
          <property id="type" value="4_VALUE"/>
          <property id="lineNO" value="1"/>
          <property id="gradeItem" value="false"/>
          <property id="referenceProperty" value="value1"/>
          <property id="referenceType" value="string"/>
          <property id="values" value=""/>
        </ruleTableItem>
      </ruleTableItems>
      <versions>
        <version>
          <property id="name" value="默认"/>
          <property id="bind1" value="发动机仓库"/>
          <property id="bind2" value="NULL"/>
          <property id="bind3" value="NULL"/>
          <property id="bind4" value="NULL"/>
          <property id="bind5" value="NULL"/>
          <property id="startDate" value="2012-01-01"/>
          <property id="endDate" value="2052-01-01"/>
          <property id="description" value=""/>
        </version>
      </versions>
    </ruleTable>
    <ruleTable>
      <property id="name" value="R101_基础数据_库位定位分类表"/>
      <property id="sortDesc" value="3"/>
      <property id="multiple" value="true"/>
      <property id="gradeItem" value="false"/>
      <property id="imageDesc"/>
      <property id="description" value=""/>
      <ruleTableItems>
        <ruleTableItem>
          <property id="reference" value="库位承载类型"/>
          <property id="type" value="4_VALUE"/>
          <property id="lineNO" value="6"/>
          <property id="gradeItem" value="false"/>
          <property id="referenceProperty" value="value6"/>
          <property id="referenceType" value="string"/>
          <property id="values" value=""/>
        </ruleTableItem>
        <ruleTableItem>
          <property id="reference" value="行号"/>
          <property id="type" value="3_MULTIPLE"/>
          <property id="lineNO" value="1"/>
          <property id="gradeItem" value="false"/>
          <property id="referenceProperty" value="sequence"/>
          <property id="referenceType" value="string"/>
          <property id="values"/>
        </ruleTableItem>
        <ruleTableItem>
          <property id="reference" value="列区间"/>
          <property id="type" value="4_VALUE"/>
          <property id="lineNO" value="4"/>
          <property id="gradeItem" value="false"/>
          <property id="referenceProperty" value="value4"/>
          <property id="referenceType" value="string"/>
          <property id="values" value=""/>
        </ruleTableItem>
        <ruleTableItem>
          <property id="reference" value="库区"/>
          <property id="type" value="4_VALUE"/>
          <property id="lineNO" value="1"/>
          <property id="gradeItem" value="false"/>
          <property id="referenceProperty" value="value1"/>
          <property id="referenceType" value="string"/>
          <property id="values" value=""/>
        </ruleTableItem>
        <ruleTableItem>
          <property id="reference" value="排区间"/>
          <property id="type" value="4_VALUE"/>
          <property id="lineNO" value="3"/>
          <property id="gradeItem" value="false"/>
          <property id="referenceProperty" value="value3"/>
          <property id="referenceType" value="string"/>
          <property id="values" value=""/>
        </ruleTableItem>
        <ruleTableItem>
          <property id="reference" value="混放类型"/>
          <property id="type" value="4_VALUE"/>
          <property id="lineNO" value="7"/>
          <property id="gradeItem" value="false"/>
          <property id="referenceProperty" value="value7"/>
          <property id="referenceType" value="string"/>
          <property id="values" value=""/>
        </ruleTableItem>
        <ruleTableItem>
          <property id="reference" value="库位定位分类"/>
          <property id="type" value="2_REFERENCE"/>
          <property id="lineNO" value="1"/>
          <property id="gradeItem" value="false"/>
          <property id="referenceProperty" value="reference1"/>
          <property id="referenceType" value="string"/>
          <property id="values" value=""/>
        </ruleTableItem>
        <ruleTableItem>
          <property id="reference" value="层区间"/>
          <property id="type" value="4_VALUE"/>
          <property id="lineNO" value="5"/>
          <property id="gradeItem" value="false"/>
          <property id="referenceProperty" value="value5"/>
          <property id="referenceType" value="string"/>
          <property id="values" value=""/>
        </ruleTableItem>
        <ruleTableItem>
          <property id="reference" value="SESSION_WAREHOUSE_NAME"/>
          <property id="type" value="1_BIND"/>
          <property id="lineNO" value="1"/>
          <property id="gradeItem" value="false"/>
          <property id="referenceProperty" value="bind1"/>
          <property id="referenceType" value="boolean"/>
          <property id="values" value=""/>
        </ruleTableItem>
        <ruleTableItem>
          <property id="reference" value="区区间"/>
          <property id="type" value="4_VALUE"/>
          <property id="lineNO" value="2"/>
          <property id="gradeItem" value="false"/>
          <property id="referenceProperty" value="value2"/>
          <property id="referenceType" value="string"/>
          <property id="values" value=""/>
        </ruleTableItem>
      </ruleTableItems>
      <versions>
        <version>
          <property id="name" value="默认"/>
          <property id="bind1" value="发动机仓库"/>
          <property id="bind2" value="NULL"/>
          <property id="bind3" value="NULL"/>
          <property id="bind4" value="NULL"/>
          <property id="bind5" value="NULL"/>
          <property id="startDate" value="2011-01-01"/>
          <property id="endDate" value="2050-12-31"/>
          <property id="description" value=""/>
        </version>
      </versions>
    </ruleTable>
    <ruleTable>
      <property id="name" value="R101_基础数据_工作区定位表"/>
      <property id="sortDesc" value="4"/>
      <property id="multiple" value="true"/>
      <property id="gradeItem" value="false"/>
      <property id="imageDesc"/>
      <property id="description" value=""/>
      <ruleTableItems>
        <ruleTableItem>
          <property id="reference" value="区区间"/>
          <property id="type" value="4_VALUE"/>
          <property id="lineNO" value="1"/>
          <property id="gradeItem" value="false"/>
          <property id="referenceProperty" value="value1"/>
          <property id="referenceType" value="string"/>
          <property id="values" value=""/>
        </ruleTableItem>
        <ruleTableItem>
          <property id="reference" value="库区"/>
          <property id="type" value="2_REFERENCE"/>
          <property id="lineNO" value="1"/>
          <property id="gradeItem" value="false"/>
          <property id="referenceProperty" value="reference1"/>
          <property id="referenceType" value="string"/>
          <property id="values" value=""/>
        </ruleTableItem>
        <ruleTableItem>
          <property id="reference" value="行号"/>
          <property id="type" value="3_MULTIPLE"/>
          <property id="lineNO" value="1"/>
          <property id="gradeItem" value="false"/>
          <property id="referenceProperty" value="sequence"/>
          <property id="referenceType" value="string"/>
          <property id="values"/>
        </ruleTableItem>
        <ruleTableItem>
          <property id="reference" value="SESSION_WAREHOUSE_NAME"/>
          <property id="type" value="1_BIND"/>
          <property id="lineNO" value="1"/>
          <property id="gradeItem" value="false"/>
          <property id="referenceProperty" value="bind1"/>
          <property id="referenceType" value="boolean"/>
          <property id="values" value=""/>
        </ruleTableItem>
        <ruleTableItem>
          <property id="reference" value="工作区"/>
          <property id="type" value="2_REFERENCE"/>
          <property id="lineNO" value="2"/>
          <property id="gradeItem" value="false"/>
          <property id="referenceProperty" value="reference2"/>
          <property id="referenceType" value="string"/>
          <property id="values" value=""/>
        </ruleTableItem>
        <ruleTableItem>
          <property id="reference" value="排区间"/>
          <property id="type" value="4_VALUE"/>
          <property id="lineNO" value="2"/>
          <property id="gradeItem" value="false"/>
          <property id="referenceProperty" value="value2"/>
          <property id="referenceType" value="string"/>
          <property id="values" value=""/>
        </ruleTableItem>
      </ruleTableItems>
      <versions>
        <version>
          <property id="name" value="默认"/>
          <property id="bind1" value="发动机仓库"/>
          <property id="bind2" value="NULL"/>
          <property id="bind3" value="NULL"/>
          <property id="bind4" value="NULL"/>
          <property id="bind5" value="NULL"/>
          <property id="startDate" value="2011-01-01"/>
          <property id="endDate" value="2050-12-31"/>
          <property id="description" value=""/>
        </version>
      </versions>
    </ruleTable>
    <ruleTable>
      <property id="name" value="R101_基础数据_库位承载类型表"/>
      <property id="sortDesc" value="2"/>
      <property id="multiple" value="false"/>
      <property id="gradeItem" value="false"/>
      <property id="imageDesc"/>
      <property id="description" value=""/>
      <ruleTableItems>
        <ruleTableItem>
          <property id="reference" value="体积"/>
          <property id="type" value="4_VALUE"/>
          <property id="lineNO" value="3"/>
          <property id="gradeItem" value="false"/>
          <property id="referenceProperty" value="value3"/>
          <property id="referenceType" value="double"/>
          <property id="values" value=""/>
        </ruleTableItem>
        <ruleTableItem>
          <property id="reference" value="SESSION_WAREHOUSE_NAME"/>
          <property id="type" value="1_BIND"/>
          <property id="lineNO" value="1"/>
          <property id="gradeItem" value="false"/>
          <property id="referenceProperty" value="bind1"/>
          <property id="referenceType" value="boolean"/>
          <property id="values" value=""/>
        </ruleTableItem>
        <ruleTableItem>
          <property id="reference" value="数量"/>
          <property id="type" value="4_VALUE"/>
          <property id="lineNO" value="4"/>
          <property id="gradeItem" value="false"/>
          <property id="referenceProperty" value="value4"/>
          <property id="referenceType" value="integer"/>
          <property id="values" value=""/>
        </ruleTableItem>
        <ruleTableItem>
          <property id="reference" value="托数"/>
          <property id="type" value="4_VALUE"/>
          <property id="lineNO" value="1"/>
          <property id="gradeItem" value="false"/>
          <property id="referenceProperty" value="value1"/>
          <property id="referenceType" value="integer"/>
          <property id="values" value=""/>
        </ruleTableItem>
        <ruleTableItem>
          <property id="reference" value="重量"/>
          <property id="type" value="4_VALUE"/>
          <property id="lineNO" value="2"/>
          <property id="gradeItem" value="false"/>
          <property id="referenceProperty" value="value2"/>
          <property id="referenceType" value="double"/>
          <property id="values" value=""/>
        </ruleTableItem>
        <ruleTableItem>
          <property id="reference" value="库位承载类型"/>
          <property id="type" value="2_REFERENCE"/>
          <property id="lineNO" value="1"/>
          <property id="gradeItem" value="false"/>
          <property id="referenceProperty" value="reference1"/>
          <property id="referenceType" value="string"/>
          <property id="values" value=""/>
        </ruleTableItem>
      </ruleTableItems>
      <versions>
        <version>
          <property id="name" value="默认"/>
          <property id="bind1" value="发动机仓库"/>
          <property id="bind2" value="NULL"/>
          <property id="bind3" value="NULL"/>
          <property id="bind4" value="NULL"/>
          <property id="bind5" value="NULL"/>
          <property id="startDate" value="2011-01-01"/>
          <property id="endDate" value="2050-12-31"/>
          <property id="description" value=""/>
        </version>
      </versions>
    </ruleTable>
    <ruleTable>
      <property id="name" value="R101_收货_收货货品状态表"/>
      <property id="sortDesc" value="5"/>
      <property id="multiple" value="false"/>
      <property id="gradeItem" value="false"/>
      <property id="imageDesc"/>
      <property id="description" value=""/>
      <ruleTableItems>
        <ruleTableItem>
          <property id="reference" value="收货状态"/>
          <property id="type" value="4_VALUE"/>
          <property id="lineNO" value="2"/>
          <property id="gradeItem" value="false"/>
          <property id="referenceProperty" value="value2"/>
          <property id="referenceType" value="string"/>
          <property id="values" value=""/>
        </ruleTableItem>
        <ruleTableItem>
          <property id="reference" value="工艺状态"/>
          <property id="type" value="2_REFERENCE"/>
          <property id="lineNO" value="3"/>
          <property id="gradeItem" value="false"/>
          <property id="referenceProperty" value="reference3"/>
          <property id="referenceType" value="string"/>
          <property id="values" value=""/>
        </ruleTableItem>
        <ruleTableItem>
          <property id="reference" value="货品名称"/>
          <property id="type" value="4_VALUE"/>
          <property id="lineNO" value="1"/>
          <property id="gradeItem" value="false"/>
          <property id="referenceProperty" value="value1"/>
          <property id="referenceType" value="string"/>
          <property id="values" value=""/>
        </ruleTableItem>
        <ruleTableItem>
          <property id="reference" value="货主"/>
          <property id="type" value="2_REFERENCE"/>
          <property id="lineNO" value="1"/>
          <property id="gradeItem" value="false"/>
          <property id="referenceProperty" value="reference1"/>
          <property id="referenceType" value="string"/>
          <property id="values" value=""/>
        </ruleTableItem>
        <ruleTableItem>
          <property id="reference" value="货品代码"/>
          <property id="type" value="2_REFERENCE"/>
          <property id="lineNO" value="2"/>
          <property id="gradeItem" value="false"/>
          <property id="referenceProperty" value="reference2"/>
          <property id="referenceType" value="string"/>
          <property id="values" value=""/>
        </ruleTableItem>
        <ruleTableItem>
          <property id="reference" value="SESSION_WAREHOUSE_NAME"/>
          <property id="type" value="1_BIND"/>
          <property id="lineNO" value="1"/>
          <property id="gradeItem" value="false"/>
          <property id="referenceProperty" value="bind1"/>
          <property id="referenceType" value="boolean"/>
          <property id="values" value=""/>
        </ruleTableItem>
      </ruleTableItems>
      <versions>
        <version>
          <property id="name" value="默认"/>
          <property id="bind1" value="发动机仓库"/>
          <property id="bind2" value="NULL"/>
          <property id="bind3" value="NULL"/>
          <property id="bind4" value="NULL"/>
          <property id="bind5" value="NULL"/>
          <property id="startDate" value="2015-04-04"/>
          <property id="endDate" value="2019-08-31"/>
          <property id="description" value=""/>
        </version>
      </versions>
    </ruleTable>
    <ruleTable>
      <property id="name" value="R101_拣货_拣货规则表"/>
      <property id="sortDesc" value="2"/>
      <property id="multiple" value="false"/>
      <property id="gradeItem" value="true"/>
      <property id="imageDesc"/>
      <property id="description" value=""/>
      <ruleTableItems>
        <ruleTableItem>
          <property id="reference" value="单据类型名称"/>
          <property id="type" value="4_VALUE"/>
          <property id="lineNO" value="3"/>
          <property id="gradeItem" value="false"/>
          <property id="referenceProperty" value="value3"/>
          <property id="referenceType" value="string"/>
          <property id="values" value=""/>
        </ruleTableItem>
        <ruleTableItem>
          <property id="reference" value="供应商"/>
          <property id="type" value="2_REFERENCE"/>
          <property id="lineNO" value="1"/>
          <property id="gradeItem" value="false"/>
          <property id="referenceProperty" value="reference1"/>
          <property id="referenceType" value="string"/>
          <property id="values" value=""/>
        </ruleTableItem>
        <ruleTableItem>
          <property id="reference" value="供应商简称"/>
          <property id="type" value="4_VALUE"/>
          <property id="lineNO" value="2"/>
          <property id="gradeItem" value="false"/>
          <property id="referenceProperty" value="value2"/>
          <property id="referenceType" value="string"/>
          <property id="values" value=""/>
        </ruleTableItem>
        <ruleTableItem>
          <property id="reference" value="数量"/>
          <property id="type" value="2_REFERENCE"/>
          <property id="lineNO" value="3"/>
          <property id="gradeItem" value="true"/>
          <property id="referenceProperty" value="reference3"/>
          <property id="referenceType" value="string"/>
          <property id="values" value=""/>
        </ruleTableItem>
        <ruleTableItem>
          <property id="reference" value="库位定位分类"/>
          <property id="type" value="4_VALUE"/>
          <property id="lineNO" value="1"/>
          <property id="gradeItem" value="false"/>
          <property id="referenceProperty" value="value1"/>
          <property id="referenceType" value="string"/>
          <property id="values" value=""/>
        </ruleTableItem>
        <ruleTableItem>
          <property id="reference" value="单据类型编码"/>
          <property id="type" value="2_REFERENCE"/>
          <property id="lineNO" value="2"/>
          <property id="gradeItem" value="false"/>
          <property id="referenceProperty" value="reference2"/>
          <property id="referenceType" value="string"/>
          <property id="values" value=""/>
        </ruleTableItem>
        <ruleTableItem>
          <property id="reference" value="SESSION_WAREHOUSE_NAME"/>
          <property id="type" value="1_BIND"/>
          <property id="lineNO" value="1"/>
          <property id="gradeItem" value="false"/>
          <property id="referenceProperty" value="bind1"/>
          <property id="referenceType" value="string"/>
          <property id="values" value=""/>
        </ruleTableItem>
      </ruleTableItems>
      <versions>
        <version>
          <property id="name" value="默认"/>
          <property id="bind1" value="发动机仓库"/>
          <property id="bind2" value="NULL"/>
          <property id="bind3" value="NULL"/>
          <property id="bind4" value="NULL"/>
          <property id="bind5" value="NULL"/>
          <property id="startDate" value="2015-04-14"/>
          <property id="endDate" value="2020-04-30"/>
          <property id="description" value=""/>
        </version>
      </versions>
    </ruleTable>
    <ruleTable>
      <property id="name" value="R102_料号级安全库存规则表"/>
      <property id="sortDesc" value="1"/>
      <property id="multiple" value="true"/>
      <property id="gradeItem" value="true"/>
      <property id="imageDesc"/>
      <property id="description" value=""/>
      <ruleTableItems>
        <ruleTableItem>
          <property id="reference" value="供应商编码"/>
          <property id="type" value="4_VALUE"/>
          <property id="lineNO" value="1"/>
          <property id="gradeItem" value="false"/>
          <property id="referenceProperty" value="value1"/>
          <property id="referenceType" value="string"/>
          <property id="values" value=""/>
        </ruleTableItem>
        <ruleTableItem>
          <property id="reference" value="是否补货"/>
          <property id="type" value="4_VALUE"/>
          <property id="lineNO" value="10"/>
          <property id="gradeItem" value="false"/>
          <property id="referenceProperty" value="value10"/>
          <property id="referenceType" value="string"/>
          <property id="values" value=""/>
        </ruleTableItem>
        <ruleTableItem>
          <property id="reference" value="工艺状态"/>
          <property id="type" value="4_VALUE"/>
          <property id="lineNO" value="7"/>
          <property id="gradeItem" value="false"/>
          <property id="referenceProperty" value="value7"/>
          <property id="referenceType" value="string"/>
          <property id="values" value=""/>
        </ruleTableItem>
        <ruleTableItem>
          <property id="reference" value="行号"/>
          <property id="type" value="3_MULTIPLE"/>
          <property id="lineNO" value="1"/>
          <property id="gradeItem" value="false"/>
          <property id="referenceProperty" value="sequence"/>
          <property id="referenceType" value="string"/>
          <property id="values"/>
        </ruleTableItem>
        <ruleTableItem>
          <property id="reference" value="货主"/>
          <property id="type" value="2_REFERENCE"/>
          <property id="lineNO" value="1"/>
          <property id="gradeItem" value="true"/>
          <property id="referenceProperty" value="reference1"/>
          <property id="referenceType" value="string"/>
          <property id="values" value=""/>
        </ruleTableItem>
        <ruleTableItem>
          <property id="reference" value="安全库存"/>
          <property id="type" value="4_VALUE"/>
          <property id="lineNO" value="8"/>
          <property id="gradeItem" value="false"/>
          <property id="referenceProperty" value="value8"/>
          <property id="referenceType" value="double"/>
          <property id="values" value=""/>
        </ruleTableItem>
        <ruleTableItem>
          <property id="reference" value="SESSION_WAREHOUSE_NAME"/>
          <property id="type" value="1_BIND"/>
          <property id="lineNO" value="1"/>
          <property id="gradeItem" value="false"/>
          <property id="referenceProperty" value="bind1"/>
          <property id="referenceType" value="string"/>
          <property id="values" value=""/>
        </ruleTableItem>
        <ruleTableItem>
          <property id="reference" value="物料编码"/>
          <property id="type" value="4_VALUE"/>
          <property id="lineNO" value="2"/>
          <property id="gradeItem" value="false"/>
          <property id="referenceProperty" value="value2"/>
          <property id="referenceType" value="string"/>
          <property id="values" value=""/>
        </ruleTableItem>
        <ruleTableItem>
          <property id="reference" value="报缺库存"/>
          <property id="type" value="4_VALUE"/>
          <property id="lineNO" value="9"/>
          <property id="gradeItem" value="false"/>
          <property id="referenceProperty" value="value9"/>
          <property id="referenceType" value="double"/>
          <property id="values" value=""/>
        </ruleTableItem>
      </ruleTableItems>
      <versions>
        <version>
          <property id="name" value="默认"/>
          <property id="bind1" value="发动机仓库"/>
          <property id="bind2" value="NULL"/>
          <property id="bind3" value="NULL"/>
          <property id="bind4" value="NULL"/>
          <property id="bind5" value="NULL"/>
          <property id="startDate" value="2015-05-05"/>
          <property id="endDate" value="2020-05-24"/>
          <property id="description" value=""/>
        </version>
      </versions>
    </ruleTable>
    <ruleTable>
      <property id="name" value="R101_按单拣货_作业组单表"/>
      <property id="sortDesc" value="9"/>
      <property id="multiple" value="false"/>
      <property id="gradeItem" value="false"/>
      <property id="imageDesc"/>
      <property id="description" value=""/>
      <ruleTableItems>
        <ruleTableItem>
          <property id="reference" value="体积"/>
          <property id="type" value="4_VALUE"/>
          <property id="lineNO" value="4"/>
          <property id="gradeItem" value="false"/>
          <property id="referenceProperty" value="value4"/>
          <property id="referenceType" value="double"/>
          <property id="values" value=""/>
        </ruleTableItem>
        <ruleTableItem>
          <property id="reference" value="仓库"/>
          <property id="type" value="2_REFERENCE"/>
          <property id="lineNO" value="1"/>
          <property id="gradeItem" value="false"/>
          <property id="referenceProperty" value="reference1"/>
          <property id="referenceType" value="string"/>
          <property id="values" value=""/>
        </ruleTableItem>
        <ruleTableItem>
          <property id="reference" value="单数"/>
          <property id="type" value="4_VALUE"/>
          <property id="lineNO" value="1"/>
          <property id="gradeItem" value="false"/>
          <property id="referenceProperty" value="value1"/>
          <property id="referenceType" value="integer"/>
          <property id="values" value=""/>
        </ruleTableItem>
        <ruleTableItem>
          <property id="reference" value="件数"/>
          <property id="type" value="4_VALUE"/>
          <property id="lineNO" value="2"/>
          <property id="gradeItem" value="false"/>
          <property id="referenceProperty" value="value2"/>
          <property id="referenceType" value="integer"/>
          <property id="values" value=""/>
        </ruleTableItem>
        <ruleTableItem>
          <property id="reference" value="重量"/>
          <property id="type" value="4_VALUE"/>
          <property id="lineNO" value="3"/>
          <property id="gradeItem" value="false"/>
          <property id="referenceProperty" value="value3"/>
          <property id="referenceType" value="double"/>
          <property id="values" value=""/>
        </ruleTableItem>
      </ruleTableItems>
      <versions>
        <version>
          <property id="name" value="默认"/>
          <property id="bind1" value="NULL"/>
          <property id="bind2" value="NULL"/>
          <property id="bind3" value="NULL"/>
          <property id="bind4" value="NULL"/>
          <property id="bind5" value="NULL"/>
          <property id="startDate" value="2012-01-01"/>
          <property id="endDate" value="2052-01-01"/>
          <property id="description" value=""/>
        </version>
      </versions>
    </ruleTable>
    <ruleTable>
      <property id="name" value="R101_盘点_盘点规则表"/>
      <property id="sortDesc" value="10"/>
      <property id="multiple" value="false"/>
      <property id="gradeItem" value="false"/>
      <property id="imageDesc"/>
      <property id="description" value=""/>
      <ruleTableItems>
        <ruleTableItem>
          <property id="reference" value="货主"/>
          <property id="type" value="2_REFERENCE"/>
          <property id="lineNO" value="1"/>
          <property id="gradeItem" value="false"/>
          <property id="referenceProperty" value="reference1"/>
          <property id="referenceType" value="string"/>
          <property id="values" value=""/>
        </ruleTableItem>
        <ruleTableItem>
          <property id="reference" value="盘点周期"/>
          <property id="type" value="4_VALUE"/>
          <property id="lineNO" value="1"/>
          <property id="gradeItem" value="false"/>
          <property id="referenceProperty" value="value1"/>
          <property id="referenceType" value="integer"/>
          <property id="values" value=""/>
        </ruleTableItem>
        <ruleTableItem>
          <property id="reference" value="SESSION_WAREHOUSE_NAME"/>
          <property id="type" value="1_BIND"/>
          <property id="lineNO" value="1"/>
          <property id="gradeItem" value="false"/>
          <property id="referenceProperty" value="bind1"/>
          <property id="referenceType" value="boolean"/>
          <property id="values" value=""/>
        </ruleTableItem>
      </ruleTableItems>
      <versions>
        <version>
          <property id="name" value="默认"/>
          <property id="bind1" value="发动机仓库"/>
          <property id="bind2" value="NULL"/>
          <property id="bind3" value="NULL"/>
          <property id="bind4" value="NULL"/>
          <property id="bind5" value="NULL"/>
          <property id="startDate" value="2011-01-01"/>
          <property id="endDate" value="2050-12-31"/>
          <property id="description" value=""/>
        </version>
      </versions>
    </ruleTable>
    <ruleTable>
      <property id="name" value="R102_供应商供货量规则表"/>
      <property id="sortDesc" value="1"/>
      <property id="multiple" value="false"/>
      <property id="gradeItem" value="false"/>
      <property id="imageDesc"/>
      <property id="description" value=""/>
      <ruleTableItems>
        <ruleTableItem>
          <property id="reference" value="上限"/>
          <property id="type" value="4_VALUE"/>
          <property id="lineNO" value="1"/>
          <property id="gradeItem" value="false"/>
          <property id="referenceProperty" value="value1"/>
          <property id="referenceType" value="double"/>
          <property id="values" value=""/>
        </ruleTableItem>
        <ruleTableItem>
          <property id="reference" value="供应商编码"/>
          <property id="type" value="2_REFERENCE"/>
          <property id="lineNO" value="1"/>
          <property id="gradeItem" value="false"/>
          <property id="referenceProperty" value="reference1"/>
          <property id="referenceType" value="string"/>
          <property id="values" value=""/>
        </ruleTableItem>
        <ruleTableItem>
          <property id="reference" value="SESSION_WAREHOUSE_NAME"/>
          <property id="type" value="1_BIND"/>
          <property id="lineNO" value="1"/>
          <property id="gradeItem" value="false"/>
          <property id="referenceProperty" value="bind1"/>
          <property id="referenceType" value="string"/>
          <property id="values" value=""/>
        </ruleTableItem>
        <ruleTableItem>
          <property id="reference" value="供应商简称"/>
          <property id="type" value="4_VALUE"/>
          <property id="lineNO" value="2"/>
          <property id="gradeItem" value="false"/>
          <property id="referenceProperty" value="value2"/>
          <property id="referenceType" value="string"/>
          <property id="values" value=""/>
        </ruleTableItem>
      </ruleTableItems>
      <versions>
        <version>
          <property id="name" value="默认"/>
          <property id="bind1" value="发动机仓库"/>
          <property id="bind2" value="NULL"/>
          <property id="bind3" value="NULL"/>
          <property id="bind4" value="NULL"/>
          <property id="bind5" value="NULL"/>
          <property id="startDate" value="2015-05-04"/>
          <property id="endDate" value="2021-05-31"/>
          <property id="description" value=""/>
        </version>
      </versions>
    </ruleTable>
    <ruleTable>
      <property id="name" value="R101_收货_收货规则表"/>
      <property id="sortDesc" value="5"/>
      <property id="multiple" value="false"/>
      <property id="gradeItem" value="false"/>
      <property id="imageDesc"/>
      <property id="description" value=""/>
      <ruleTableItems>
        <ruleTableItem>
          <property id="reference" value="货品分类"/>
          <property id="type" value="2_REFERENCE"/>
          <property id="lineNO" value="2"/>
          <property id="gradeItem" value="false"/>
          <property id="referenceProperty" value="reference2"/>
          <property id="referenceType" value="string"/>
          <property id="values" value=""/>
        </ruleTableItem>
        <ruleTableItem>
          <property id="reference" value="货主"/>
          <property id="type" value="2_REFERENCE"/>
          <property id="lineNO" value="1"/>
          <property id="gradeItem" value="false"/>
          <property id="referenceProperty" value="reference1"/>
          <property id="referenceType" value="string"/>
          <property id="values" value=""/>
        </ruleTableItem>
        <ruleTableItem>
          <property id="reference" value="SESSION_WAREHOUSE_NAME"/>
          <property id="type" value="1_BIND"/>
          <property id="lineNO" value="1"/>
          <property id="gradeItem" value="false"/>
          <property id="referenceProperty" value="bind1"/>
          <property id="referenceType" value="boolean"/>
          <property id="values" value=""/>
        </ruleTableItem>
        <ruleTableItem>
          <property id="reference" value="可短收数量"/>
          <property id="type" value="4_VALUE"/>
          <property id="lineNO" value="2"/>
          <property id="gradeItem" value="false"/>
          <property id="referenceProperty" value="value2"/>
          <property id="referenceType" value="double"/>
          <property id="values" value=""/>
        </ruleTableItem>
        <ruleTableItem>
          <property id="reference" value="货品"/>
          <property id="type" value="2_REFERENCE"/>
          <property id="lineNO" value="3"/>
          <property id="gradeItem" value="false"/>
          <property id="referenceProperty" value="reference3"/>
          <property id="referenceType" value="string"/>
          <property id="values" value=""/>
        </ruleTableItem>
        <ruleTableItem>
          <property id="reference" value="可超收数量"/>
          <property id="type" value="4_VALUE"/>
          <property id="lineNO" value="1"/>
          <property id="gradeItem" value="false"/>
          <property id="referenceProperty" value="value1"/>
          <property id="referenceType" value="double"/>
          <property id="values" value=""/>
        </ruleTableItem>
      </ruleTableItems>
      <versions>
        <version>
          <property id="name" value="默认"/>
          <property id="bind1" value="发动机仓库"/>
          <property id="bind2" value="NULL"/>
          <property id="bind3" value="NULL"/>
          <property id="bind4" value="NULL"/>
          <property id="bind5" value="NULL"/>
          <property id="startDate" value="2012-01-01"/>
          <property id="endDate" value="2052-01-01"/>
          <property id="description" value=""/>
        </version>
      </versions>
    </ruleTable>
    <ruleTable>
      <property id="name" value="R101_计费_客户费率表"/>
      <property id="sortDesc" value="11"/>
      <property id="multiple" value="false"/>
      <property id="gradeItem" value="false"/>
      <property id="imageDesc"/>
      <property id="description" value=""/>
      <ruleTableItems>
        <ruleTableItem>
          <property id="reference" value="类型"/>
          <property id="type" value="2_REFERENCE"/>
          <property id="lineNO" value="2"/>
          <property id="gradeItem" value="false"/>
          <property id="referenceProperty" value="reference2"/>
          <property id="referenceType" value="string"/>
          <property id="values" value=""/>
        </ruleTableItem>
        <ruleTableItem>
          <property id="reference" value="SESSION_WAREHOUSE_NAME"/>
          <property id="type" value="1_BIND"/>
          <property id="lineNO" value="1"/>
          <property id="gradeItem" value="false"/>
          <property id="referenceProperty" value="bind1"/>
          <property id="referenceType" value="boolean"/>
          <property id="values" value=""/>
        </ruleTableItem>
        <ruleTableItem>
          <property id="reference" value="货主"/>
          <property id="type" value="2_REFERENCE"/>
          <property id="lineNO" value="1"/>
          <property id="gradeItem" value="false"/>
          <property id="referenceProperty" value="reference1"/>
          <property id="referenceType" value="string"/>
          <property id="values" value=""/>
        </ruleTableItem>
        <ruleTableItem>
          <property id="reference" value="费率"/>
          <property id="type" value="4_VALUE"/>
          <property id="lineNO" value="1"/>
          <property id="gradeItem" value="false"/>
          <property id="referenceProperty" value="value1"/>
          <property id="referenceType" value="double"/>
          <property id="values" value=""/>
        </ruleTableItem>
      </ruleTableItems>
      <versions>
        <version>
          <property id="name" value="默认"/>
          <property id="bind1" value="发动机仓库"/>
          <property id="bind2" value="NULL"/>
          <property id="bind3" value="NULL"/>
          <property id="bind4" value="NULL"/>
          <property id="bind5" value="NULL"/>
          <property id="startDate" value="2012-01-01"/>
          <property id="endDate" value="2052-01-01"/>
          <property id="description" value=""/>
        </version>
      </versions>
    </ruleTable>
    <ruleTable>
      <property id="name" value="R101_基础数据_承运商指派规则表"/>
      <property id="sortDesc" value="13"/>
      <property id="multiple" value="false"/>
      <property id="gradeItem" value="false"/>
      <property id="imageDesc"/>
      <property id="description" value=""/>
      <ruleTableItems>
        <ruleTableItem>
          <property id="reference" value="省"/>
          <property id="type" value="2_REFERENCE"/>
          <property id="lineNO" value="1"/>
          <property id="gradeItem" value="false"/>
          <property id="referenceProperty" value="reference1"/>
          <property id="referenceType" value="string"/>
          <property id="values" value=""/>
        </ruleTableItem>
        <ruleTableItem>
          <property id="reference" value="SESSION_WAREHOUSE_NAME"/>
          <property id="type" value="1_BIND"/>
          <property id="lineNO" value="1"/>
          <property id="gradeItem" value="false"/>
          <property id="referenceProperty" value="bind1"/>
          <property id="referenceType" value="boolean"/>
          <property id="values" value=""/>
        </ruleTableItem>
        <ruleTableItem>
          <property id="reference" value="城市"/>
          <property id="type" value="2_REFERENCE"/>
          <property id="lineNO" value="2"/>
          <property id="gradeItem" value="false"/>
          <property id="referenceProperty" value="reference2"/>
          <property id="referenceType" value="string"/>
          <property id="values" value=""/>
        </ruleTableItem>
        <ruleTableItem>
          <property id="reference" value="承运商"/>
          <property id="type" value="4_VALUE"/>
          <property id="lineNO" value="1"/>
          <property id="gradeItem" value="false"/>
          <property id="referenceProperty" value="value1"/>
          <property id="referenceType" value="string"/>
          <property id="values" value=""/>
        </ruleTableItem>
      </ruleTableItems>
      <versions>
        <version>
          <property id="name" value="默认"/>
          <property id="bind1" value="发动机仓库"/>
          <property id="bind2" value="NULL"/>
          <property id="bind3" value="NULL"/>
          <property id="bind4" value="NULL"/>
          <property id="bind5" value="NULL"/>
          <property id="startDate" value="2012-01-01"/>
          <property id="endDate" value="2052-01-01"/>
          <property id="description" value=""/>
        </version>
      </versions>
    </ruleTable>
    <ruleTable>
      <property id="name" value="R101_收货_质检表"/>
      <property id="sortDesc" value="5"/>
      <property id="multiple" value="false"/>
      <property id="gradeItem" value="false"/>
      <property id="imageDesc"/>
      <property id="description" value=""/>
      <ruleTableItems>
        <ruleTableItem>
          <property id="reference" value="单据类型"/>
          <property id="type" value="2_REFERENCE"/>
          <property id="lineNO" value="2"/>
          <property id="gradeItem" value="false"/>
          <property id="referenceProperty" value="reference2"/>
          <property id="referenceType" value="string"/>
          <property id="values" value=""/>
        </ruleTableItem>
        <ruleTableItem>
          <property id="reference" value="质检频率"/>
          <property id="type" value="4_VALUE"/>
          <property id="lineNO" value="1"/>
          <property id="gradeItem" value="false"/>
          <property id="referenceProperty" value="value1"/>
          <property id="referenceType" value="integer"/>
          <property id="values" value=""/>
        </ruleTableItem>
        <ruleTableItem>
          <property id="reference" value="供应商"/>
          <property id="type" value="2_REFERENCE"/>
          <property id="lineNO" value="4"/>
          <property id="gradeItem" value="false"/>
          <property id="referenceProperty" value="reference4"/>
          <property id="referenceType" value="string"/>
          <property id="values" value=""/>
        </ruleTableItem>
        <ruleTableItem>
          <property id="reference" value="货主"/>
          <property id="type" value="2_REFERENCE"/>
          <property id="lineNO" value="1"/>
          <property id="gradeItem" value="false"/>
          <property id="referenceProperty" value="reference1"/>
          <property id="referenceType" value="string"/>
          <property id="values" value=""/>
        </ruleTableItem>
        <ruleTableItem>
          <property id="reference" value="货品分类"/>
          <property id="type" value="2_REFERENCE"/>
          <property id="lineNO" value="3"/>
          <property id="gradeItem" value="false"/>
          <property id="referenceProperty" value="reference3"/>
          <property id="referenceType" value="string"/>
          <property id="values" value=""/>
        </ruleTableItem>
        <ruleTableItem>
          <property id="reference" value="SESSION_WAREHOUSE_NAME"/>
          <property id="type" value="1_BIND"/>
          <property id="lineNO" value="1"/>
          <property id="gradeItem" value="false"/>
          <property id="referenceProperty" value="bind1"/>
          <property id="referenceType" value="boolean"/>
          <property id="values" value=""/>
        </ruleTableItem>
      </ruleTableItems>
      <versions>
        <version>
          <property id="name" value="默认"/>
          <property id="bind1" value="发动机仓库"/>
          <property id="bind2" value="NULL"/>
          <property id="bind3" value="NULL"/>
          <property id="bind4" value="NULL"/>
          <property id="bind5" value="NULL"/>
          <property id="startDate" value="2012-01-01"/>
          <property id="endDate" value="2052-01-01"/>
          <property id="description" value=""/>
        </version>
      </versions>
    </ruleTable>
    <ruleTable>
      <property id="name" value="R101_波次_波次时间表"/>
      <property id="sortDesc" value="8"/>
      <property id="multiple" value="true"/>
      <property id="gradeItem" value="false"/>
      <property id="imageDesc"/>
      <property id="description" value=""/>
      <ruleTableItems>
        <ruleTableItem>
          <property id="reference" value="行号"/>
          <property id="type" value="3_MULTIPLE"/>
          <property id="lineNO" value="1"/>
          <property id="gradeItem" value="false"/>
          <property id="referenceProperty" value="sequence"/>
          <property id="referenceType" value="string"/>
          <property id="values"/>
        </ruleTableItem>
        <ruleTableItem>
          <property id="reference" value="波次名称"/>
          <property id="type" value="4_VALUE"/>
          <property id="lineNO" value="5"/>
          <property id="gradeItem" value="false"/>
          <property id="referenceProperty" value="value5"/>
          <property id="referenceType" value="string"/>
          <property id="values" value=""/>
        </ruleTableItem>
        <ruleTableItem>
          <property id="reference" value="结束时间"/>
          <property id="type" value="4_VALUE"/>
          <property id="lineNO" value="2"/>
          <property id="gradeItem" value="false"/>
          <property id="referenceProperty" value="value2"/>
          <property id="referenceType" value="string"/>
          <property id="values" value=""/>
        </ruleTableItem>
        <ruleTableItem>
          <property id="reference" value="波次结束时间"/>
          <property id="type" value="4_VALUE"/>
          <property id="lineNO" value="4"/>
          <property id="gradeItem" value="false"/>
          <property id="referenceProperty" value="value4"/>
          <property id="referenceType" value="string"/>
          <property id="values" value=""/>
        </ruleTableItem>
        <ruleTableItem>
          <property id="reference" value="开始时间"/>
          <property id="type" value="4_VALUE"/>
          <property id="lineNO" value="1"/>
          <property id="gradeItem" value="false"/>
          <property id="referenceProperty" value="value1"/>
          <property id="referenceType" value="string"/>
          <property id="values" value=""/>
        </ruleTableItem>
        <ruleTableItem>
          <property id="reference" value="SESSION_WAREHOUSE_NAME"/>
          <property id="type" value="1_BIND"/>
          <property id="lineNO" value="1"/>
          <property id="gradeItem" value="false"/>
          <property id="referenceProperty" value="bind1"/>
          <property id="referenceType" value="boolean"/>
          <property id="values" value=""/>
        </ruleTableItem>
        <ruleTableItem>
          <property id="reference" value="最晚时间"/>
          <property id="type" value="4_VALUE"/>
          <property id="lineNO" value="3"/>
          <property id="gradeItem" value="false"/>
          <property id="referenceProperty" value="value3"/>
          <property id="referenceType" value="string"/>
          <property id="values" value=""/>
        </ruleTableItem>
      </ruleTableItems>
      <versions>
        <version>
          <property id="name" value="默认"/>
          <property id="bind1" value="发动机仓库"/>
          <property id="bind2" value="NULL"/>
          <property id="bind3" value="NULL"/>
          <property id="bind4" value="NULL"/>
          <property id="bind5" value="NULL"/>
          <property id="startDate" value="2012-01-01"/>
          <property id="endDate" value="2052-01-01"/>
          <property id="description" value=""/>
        </version>
      </versions>
    </ruleTable>
  </ruleTables>
</group>
